<?xml version='1.0' encoding='utf-8'?>
<!DOCTYPE hibernate-configuration SYSTEM
        "http://www.hibernate.org/dtd/hibernate-configuration-3.0.dtd">
<hibernate-configuration>
    <session-factory>
        <!-- Database setting -->
        <property name="hibernate.hbm2ddl.auto">update</property>
        <property name="hibernate.dialect">org.hibernate.dialect.MySQL8Dialect</property>
        <property name="hibernate.connection.driver_class">com.mysql.cj.jdbc.Driver</property>
        <property name="hibernate.connection.url">jdbc:mysql://localhost:3306/onlineMarketing?createDatabaseIfNotExist=true</property>
        <property name="hibernate.connection.username">root</property>
        <property name="hibernate.connection.password"/>
        <property name="hibernate.show_sql">true</property>
        <mapping class="org.example.Model.Manufacture" />
        <mapping class="org.example.Model.Phone" />
    </session-factory>
</hibernate-configuration>